loc,lastmod
https://www.ycombinator.com/,2024-02-11
https://www.ycombinator.com/about,2024-02-11
https://www.ycombinator.com/apply,2024-02-11
https://www.ycombinator.com/apply/dropbox,2024-02-11
https://www.ycombinator.com/apply/reminder,2024-02-11
https://www.ycombinator.com/biotech,2024-02-11
https://www.ycombinator.com/careers,2024-02-11
https://www.ycombinator.com/career-coaching,2024-02-11
https://www.ycombinator.com/pioneer-internship-program,2024-02-11
https://www.ycombinator.com/cofounder-matching,2024-02-11
https://www.ycombinator.com/contact,2024-02-11
https://www.ycombinator.com/continuity,2024-02-11
https://www.ycombinator.com/deal,2024-02-11
https://www.ycombinator.com/demoday,2024-02-11
https://www.ycombinator.com/demoday/faq,2024-02-11
https://www.ycombinator.com/demoday/tips,2024-02-11
https://www.ycombinator.com/documents,2024-02-11
https://www.ycombinator.com/ethics,2024-02-11
https://www.ycombinator.com/faq,2024-02-11
https://www.ycombinator.com/growth-program,2024-02-11
https://www.ycombinator.com/guidelines-for-edtech-products,2024-02-11
https://www.ycombinator.com/handshake,2024-02-11
https://www.ycombinator.com/howtoapply,2024-02-11
https://www.ycombinator.com/investors,2024-02-11
https://www.ycombinator.com/legal,2024-02-11
https://www.ycombinator.com/nonprofits,2024-02-11
https://www.ycombinator.com/people,2024-02-11
https://www.ycombinator.com/press,2024-02-11
https://www.ycombinator.com/principles,2024-02-11
https://www.ycombinator.com/recommend,2024-02-11
https://www.ycombinator.com/rfs,2024-02-11
https://www.ycombinator.com/sales_agreement,2024-02-11
https://www.ycombinator.com/security,2024-02-11
https://www.ycombinator.com/series_a_term_sheet,2024-02-11
https://www.ycombinator.com/subscribe,2024-02-11
https://www.ycombinator.com/video,2024-02-11
https://www.ycombinator.com/whynot,2024-02-11
https://www.ycombinator.com/interviews,2024-02-11
https://www.ycombinator.com/blog,2024-02-11
https://www.ycombinator.com/blog/feed,2024-02-11
https://www.ycombinator.com/blog/rss,2024-02-11
https://www.ycombinator.com/blog/posts.atom,2024-02-11
https://www.ycombinator.com/blog/jobs,2024-02-11
https://www.ycombinator.com/blog/startup-school,2024-02-11
https://www.ycombinator.com/blog/ycc,2024-02-11
https://www.ycombinator.com/companies/sitemap,2024-02-11
https://www.ycombinator.com/companies/black-founders,2024-02-11
https://www.ycombinator.com/companies/hispanic-latino-founders,2024-02-11
https://www.ycombinator.com/companies/women-founders,2024-02-11
https://www.ycombinator.com/companies/founders-you-may-know,2024-02-11
https://www.ycombinator.com/companies/founders,2024-02-11
https://www.ycombinator.com/companies,2024-02-11
https://www.ycombinator.com/library/sitemap.xml,2024-02-11
https://www.ycombinator.com/library,2024-02-11
https://www.ycombinator.com/library/bookmarks,2024-02-11
https://www.ycombinator.com/library/continue-watching,2024-02-11
https://www.ycombinator.com/library/search,2024-02-11
https://www.ycombinator.com/library/founder_link,2024-02-11
https://www.ycombinator.com/launches/sitemap,2024-02-11
https://www.ycombinator.com/launches,2024-02-11
https://www.ycombinator.com/launches/new,2024-02-11
https://www.ycombinator.com/newsletter/subscribe,2024-02-11
https://www.ycombinator.com/newsletter/unsubscribe,2024-02-11
https://www.ycombinator.com/newsletter,2024-02-11
https://www.ycombinator.com/newsletter/new,2024-02-11
https://www.ycombinator.com/jobs,2024-02-11
https://www.ycombinator.com/jobs/sitemap,2024-02-11
https://www.ycombinator.com/jobs/ats,2024-02-11
https://www.ycombinator.com/jobs/role,2024-02-11
https://www.ycombinator.com/quotes,2024-02-11
https://www.ycombinator.com/topcompanies,2024-02-11
https://www.ycombinator.com/topcompanies/featured,2024-02-11
https://www.ycombinator.com/topcompanies/breakthrough,2024-02-11
